{"_runtime":120,"train_loss":0.1521601670167663,"val_acc":0.9295774698257446,"val_loss":0.20586615800857544,"_timestamp":1.759166009684549e+09,"_step":12,"_wandb":{"runtime":120}}