{"train_loss":0.09002323008396408,"val_acc":0.9295774698257446,"val_loss":0.14496968438227972,"_timestamp":1.759168334421669e+09,"_wandb":{"runtime":172},"_runtime":172,"_step":16}