{"_timestamp":1.7591052611036277e+09,"_step":62,"train_loss":0.02351693172628681,"val_acc":1,"val_loss":0.04012248416741689,"_wandb":{"runtime":590},"_runtime":590}