{"_step":27,"_wandb":{"runtime":287},"_runtime":287,"train_loss":0.18002521178939127,"val_acc":0.9295774698257446,"val_loss":0.21473084886868796,"_timestamp":1.7591672313843448e+09}