{"train_loss":0.11417284607887268,"val_acc":0.9295774698257446,"_wandb":{"runtime":216},"_runtime":216,"val_loss":0.21523496508598328,"_timestamp":1.7591688724973476e+09,"_step":21}