{"_step":14,"train_loss":0.6460987875858942,"val_acc":0.5974025726318359,"val_loss":0.6584352056185404,"_timestamp":1.7591044919715881e+09,"_wandb":{"runtime":88},"_runtime":88}