{"_runtime":155,"train_loss":0.05100577976554632,"val_acc":1,"val_loss":0.06677130423486233,"_timestamp":1.7591563879977093e+09,"_step":27,"_wandb":{"runtime":155}}