{"_step":49,"_wandb":{"runtime":492},"_runtime":492,"train_loss":0.37365543977780774,"val_acc":0.9014084339141846,"val_loss":0.38644637664159137,"_timestamp":1.7591680488904524e+09}