{"val_loss":0.1370516469081243,"_timestamp":1.7591686397577188e+09,"_step":28,"_wandb":{"runtime":287},"_runtime":287,"train_loss":0.08603909543969414,"val_acc":0.9154929518699646}