{"_wandb":{"runtime":249},"_runtime":249,"train_loss":0.09680618887597864,"val_acc":0.9295774698257446,"val_loss":0.1511725684007009,"_timestamp":1.7591693704218478e+09,"_step":25}