{"_timestamp":1.7591675383201694e+09,"_wandb":{"runtime":291},"_runtime":291,"_step":29,"train_loss":0.25831063904545526,"val_acc":0.9718309640884399,"val_loss":0.31553320586681366}