{"_wandb":{"runtime":169},"_runtime":169,"_timestamp":1.759163510400558e+09,"_step":26,"train_loss":0.07935828478498892,"val_acc":0.9428571462631226,"val_loss":0.1981888065735499}