{"train_loss":0.07894529774785042,"_wandb":{"runtime":80},"_runtime":80,"val_acc":0.9154929518699646,"val_loss":0.16333005701502165,"_timestamp":1.7591681457385256e+09,"_step":7}