{"val_loss":0.07434425875544548,"_timestamp":1.7591046540498407e+09,"_step":22,"_wandb":{"runtime":122},"_runtime":122,"train_loss":0.046681980524833,"val_acc":0.9870129823684692}