{"val_loss":0.22241468727588654,"_timestamp":1.7591641652646585e+09,"_step":21,"train_loss":0.09924969415773045,"val_acc":0.9428571462631226,"_wandb":{"runtime":204},"_runtime":204}